,id,year,doy,longitude,latitude,grid10k,covertype,fuelcode,area_burned,prefire_fuel,consumed_fuel,ECO2,ECO,ECH4,EPM2.5,cwd_frac,duff_frac,fuel_moisture_class,burn_source,burnday_source,BSEV,BSEV_flag
5409205,281509,2005,205,-120.2158,45.78,115299,1,1,62500.0,159.72255,148.541972,249.104886,10.397938,0.398092,1.515128,0.0,0.0,2,1,15,2,0
5409206,281510,2005,205,-120.2127,45.7806,115299,2,2,62500.0,361.253178,325.12786,545.239422,22.75895,0.871343,3.316304,0.0,0.0,2,1,15,2,0
5409207,281511,2005,205,-120.2096,45.7812,115299,1,1,0.0,128.786814,119.77173700000002,200.857203,8.384022,0.320988,1.221672,0.0,0.0,2,1,15,1,0
5409208,281512,2005,205,-120.2065,45.7817,115299,1,1,62500.0,123.2946,114.663978,192.291491,8.026478,0.307299,1.169573,0.0,0.0,2,1,15,2,0
5409209,281513,2005,205,-120.2034,45.7823,115299,1,1,62500.0,112.422258,104.5527,175.334878,7.318689,0.28020100000000003,1.066438,0.0,0.0,2,1,15,2,0
5409240,281544,2005,205,-120.2166,45.7822,115299,1,1,62500.0,150.41941200000005,139.890053,234.595619,9.792304,0.374905,1.426879,0.0,0.0,2,1,15,2,0
5409241,281545,2005,205,-120.2135,45.7828,115299,2,2,0.0,361.589436,325.430492,545.746936,22.780134,0.8721540000000001,3.3193910000000004,0.0,0.0,2,1,15,1,0
5409242,281546,2005,205,-120.2104,45.7833,115299,1,1,62500.0,145.59971399999995,135.407734,227.07877,9.478541,0.362893,1.381159,0.0,0.0,2,1,15,2,0
5409243,281547,2005,205,-120.2073,45.7839,115299,1,1,0.0,122.846256,114.247018,191.592249,7.9972910000000015,0.306182,1.16532,0.0,0.0,2,1,15,1,0
5409244,281548,2005,205,-120.2042,45.7845,115299,2,2,62500.0,330.5416140000001,297.487453,498.886458,20.824122,0.797266,3.0343720000000003,0.0,0.0,2,1,15,2,0
5409245,281549,2005,205,-120.2011,45.785,115299,2,2,62500.0,108.38716200000002,97.548446,163.588744,6.828391000000001,0.26143,0.994994,0.0,0.0,2,1,15,2,0
5409284,281588,2005,205,-120.2361,45.781000000000006,115299,1,1,62500.0,158.60169,147.499572,247.356782,10.32497,0.395299,1.5044959999999998,0.0,0.0,2,1,81,2,0
5409285,281589,2005,205,-120.2206,45.7838,115299,1,1,62500.0,165.88728,154.27517,258.719461,10.799262,0.413457,1.573607,0.0,0.0,2,1,15,2,0
5409286,281590,2005,205,-120.2175,45.7844,115299,1,1,62500.0,159.83463600000005,148.64621100000005,249.27969700000003,10.405235,0.398372,1.516191,0.0,0.0,2,1,15,2,0
5409287,281591,2005,205,-120.2143,45.785,115299,1,1,62500.0,152.549046,141.870613,237.917018,9.930943,0.380213,1.44708,0.0,0.0,2,1,15,2,0
5409288,281592,2005,205,-120.2112,45.7855,115299,1,1,62500.0,124.863804,116.123338,194.738837,8.128634,0.311211,1.184458,0.0,0.0,2,1,15,2,0
5409289,281593,2005,205,-120.2081,45.7861,115299,1,1,62500.0,128.114298,119.146297,199.80834,8.340241,0.319312,1.215292,0.0,0.0,2,1,15,2,0
5409290,281594,2005,205,-120.205,45.7867,115299,1,1,62500.0,79.02063000000003,73.489186,123.241365,5.144243,0.196951,0.74959,0.0,0.0,2,1,15,2,0
5409291,281595,2005,205,-120.2019,45.7872,115299,2,2,62500.0,476.701758,429.031582,719.485963,30.032211,1.149805,4.3761220000000005,0.0,0.0,2,1,15,2,0
5409292,281596,2005,205,-120.1988,45.7878,115299,2,2,0.0,90.565488,81.508939,136.69049099999998,5.7056260000000005,0.218444,0.831391,0.0,0.0,2,1,15,1,0
5409343,281647,2005,205,-120.24,45.7826,115299,2,2,62500.0,552.808152,497.527337,834.353344,34.826914,1.333373,5.074779,0.0,0.0,2,1,81,2,0
5409344,281648,2005,205,-120.2369,45.7832,115299,1,1,62500.0,131.14061999999998,121.960777,204.528222,8.537253999999999,0.326855,1.244,0.0,0.0,2,1,81,2,0
5409345,281649,2005,205,-120.2338,45.7837,115299,2,2,62500.0,383.670378,345.30334,579.0737019999998,24.171234,0.925413,3.522094,0.0,0.0,2,1,15,2,0
5409346,281650,2005,205,-120.2214,45.786,115299,1,1,62500.0,168.801516,156.98541,263.264532,10.988979,0.420721,1.601251,0.0,0.0,2,1,15,2,0
5409347,281651,2005,205,-120.2183,45.7866,115299,1,1,62500.0,183.148524,170.328127,285.6402700000001,11.922969,0.456479,1.7373470000000002,0.0,0.0,2,1,15,2,0
5409348,281652,2005,205,-120.2152,45.7871,115299,1,1,62500.0,164.87850600000004,153.33701100000005,257.146167,10.733591,0.410943,1.5640379999999998,0.0,0.0,2,1,15,2,0
5409349,281653,2005,205,-120.212,45.7877,115299,2,2,62500.0,389.947194,350.952475,588.5473,24.566673,0.940553,3.579715,0.0,0.0,2,1,15,2,0
5409350,281654,2005,205,-120.2089,45.7883,115299,1,1,62500.0,155.351196,144.47661200000005,242.287279,10.113363,0.387197,1.473661,0.0,0.0,2,1,15,2,0
5409351,281655,2005,205,-120.2058,45.7888,115299,1,1,0.0,70.950438,65.98390699999999,110.65501299999998,4.618874,0.176837,0.673036,0.0,0.0,2,1,15,1,0
5409352,281656,2005,205,-120.2027,45.7894,115299,2,2,62500.0,508.87044,457.983396,768.038155,32.058838,1.227396,4.671431,0.0,0.0,2,1,15,2,0
5409353,281657,2005,205,-120.1996,45.79,115299,1,1,62500.0,138.98664,129.257575,216.764954,9.04803,0.34641,1.318427,0.0,0.0,2,1,15,2,0
5409354,281658,2005,205,-120.1965,45.7905,115299,2,2,62500.0,363.943242,327.548918,549.299535,22.928424,0.8778309999999999,3.340999,0.0,0.0,2,1,15,2,0
5409404,281708,2005,205,-120.2222,45.7882,115299,1,1,62500.0,183.933126,171.057807,286.863943,11.974047,0.458435,1.74479,0.0,0.0,2,1,15,2,0
5409405,281709,2005,205,-120.2191,45.7887,115299,1,1,62500.0,183.26061,170.432367,285.81508,11.930266,0.456759,1.7384099999999998,0.0,0.0,2,1,15,2,0
5409406,281710,2005,205,-120.21600000000001,45.7893,115299,1,1,62500.0,166.223538,154.58789,259.243892,10.821152,0.414296,1.576796,0.0,0.0,2,1,15,2,0
5409407,281711,2005,205,-120.2129,45.7899,115299,1,1,62500.0,153.781992,143.017253,239.839933,10.011208,0.383286,1.458776,0.0,0.0,2,1,15,2,0
5409408,281712,2005,205,-120.2097,45.7904,115299,2,2,62500.0,371.00466,333.904194,559.9573330000002,23.373294,0.894863,3.4058230000000003,0.0,0.0,2,1,15,2,0
5409409,281713,2005,205,-120.2066,45.791000000000004,115299,1,1,62500.0,62.543988,58.165909,97.544229,4.071614,0.155885,0.593292,0.0,0.0,2,1,15,2,0
5409410,281714,2005,205,-120.2035,45.7916,115299,1,1,0.0,122.061654,113.517338,190.368576,7.946214,0.304226,1.157877,0.0,0.0,2,1,15,1,0
5409411,281715,2005,205,-120.2004,45.7921,115299,2,2,0.0,375.151842,337.636658,566.216675,23.634566,0.904866,3.443894,0.0,0.0,2,1,15,1,0
5409412,281716,2005,205,-120.1973,45.7927,115299,1,1,62500.0,151.204014,140.619733,235.819292,9.843381,0.376861,1.434321,0.0,0.0,2,1,15,2,0
5409463,281767,2005,205,-120.223,45.7904,115299,1,1,62500.0,183.26061,170.432367,285.81508,11.930266,0.456759,1.7384099999999998,0.0,0.0,2,1,15,2,0
5409464,281768,2005,205,-120.2199,45.7909,115299,1,1,62500.0,183.933126,171.057807,286.863943,11.974047,0.458435,1.74479,0.0,0.0,2,1,15,2,0
5409465,281769,2005,205,-120.2168,45.7915,115299,1,1,62500.0,158.489604,147.395332,247.181971,10.317673,0.395019,1.503432,0.0,0.0,2,1,15,2,0
5409466,281770,2005,205,-120.2137,45.7921,115299,2,2,62500.0,389.162592,350.246333,587.3631,24.517243,0.93866,3.572513,0.0,0.0,2,1,15,2,0
5409467,281771,2005,205,-120.2106,45.7926,115299,1,1,62500.0,114.663978,106.6375,178.83108700000003,7.464625,0.285788,1.087702,0.0,0.0,2,1,15,2,0
5409468,281772,2005,205,-120.2074,45.7932,115299,1,1,0.0,63.440676,58.99982900000001,98.942713,4.129988,0.15812,0.6017979999999999,0.0,0.0,2,1,15,1,0
5409469,281773,2005,205,-120.2043,45.7938,115299,1,1,0.0,117.466128,109.243499,183.201348,7.6470449999999985,0.292773,1.114284,0.0,0.0,2,1,15,1,0
5409470,281774,2005,205,-120.2012,45.7943,115299,2,2,62500.0,127.553868,114.798481,192.517053,8.035894,0.30766,1.170945,0.0,0.0,2,1,15,2,0
5409471,281775,2005,205,-120.1981,45.7949,115299,1,1,62500.0,161.96427,150.626771,252.601095,10.543874,0.40368,1.536393,0.0,0.0,2,1,15,2,0
5409472,281776,2005,205,-120.195,45.7955,115299,1,1,62500.0,155.575368,144.685092,242.6369,10.127956,0.387756,1.475788,0.0,0.0,2,1,15,2,0
5409533,281837,2005,205,-120.2238,45.7925,115299,1,1,62500.0,174.069558,161.88468899999995,271.480623,11.331928,0.433851,1.6512240000000002,0.0,0.0,2,1,15,2,0
5409534,281838,2005,205,-120.2207,45.7931,115299,1,1,62500.0,174.96624599999996,162.718609,272.879107,11.390303,0.436086,1.65973,0.0,0.0,2,1,15,2,0
5409535,281839,2005,205,-120.2176,45.7937,115299,1,1,62500.0,143.582166,133.53141399999998,223.932182,9.347199,0.357864,1.36202,0.0,0.0,2,1,15,2,0
5409536,281840,2005,205,-120.2145,45.7942,115299,2,2,62500.0,385.687926,347.1191330000001,582.118787,24.298339,0.930279,3.5406150000000003,0.0,0.0,2,1,15,2,0
5409537,281841,2005,205,-120.2114,45.7948,115299,1,1,62500.0,125.648406,116.853018,195.96251,8.179711,0.313166,1.191901,0.0,0.0,2,1,15,2,0
5409538,281842,2005,205,-120.2083,45.7954,115299,2,2,62500.0,288.957708,260.061937,436.123869,18.204336,0.696966,2.652632,0.0,0.0,2,1,15,2,0
5409539,281843,2005,205,-120.2051,45.7959,115299,1,1,0.0,79.356888,73.801906,123.765796,5.166133,0.197789,0.752779,0.0,0.0,2,1,15,1,0
5409540,281844,2005,205,-120.20200000000001,45.7965,115299,1,1,0.0,116.121096,107.992619,181.103623,7.559483,0.28942,1.101525,0.0,0.0,2,1,15,1,0
5409541,281845,2005,205,-120.1989,45.7971,115299,1,1,62500.0,163.08513,151.669171,254.3492,10.616842,0.406473,1.547026,0.0,0.0,2,1,15,2,0
5409542,281846,2005,205,-120.1958,45.7976,115299,1,1,62500.0,157.929174,146.874132,246.307919,10.281189,0.393623,1.498116,0.0,0.0,2,1,15,2,0
5409612,281916,2005,205,-120.2246,45.7947,115299,1,1,62500.0,180.01011599999995,167.409408,280.745577,11.718659,0.448657,1.7075759999999998,0.0,0.0,2,1,15,2,0
5409613,281917,2005,205,-120.2215,45.7953,115299,1,1,62500.0,184.605642,171.683247,287.912805,12.017827,0.460111,1.751169,0.0,0.0,2,1,15,2,0
5409614,281918,2005,205,-120.2184,45.7958,115299,2,2,62500.0,406.31175,365.680575,613.2463240000002,25.59764,0.980024,3.729942,0.0,0.0,2,1,15,2,0
5409615,281919,2005,205,-120.2153,45.7964,115299,1,1,62500.0,119.819934,111.432539,186.872367,7.800278,0.298639,1.1366120000000002,0.0,0.0,2,1,15,2,0
5409616,281920,2005,205,-120.2122,45.797,115299,1,1,62500.0,61.983558,57.644709,96.670177,4.0351300000000005,0.154488,0.587976,0.0,0.0,2,1,15,2,0
5409617,281921,2005,205,-120.2091,45.7975,115299,2,2,0.0,62.319816,56.087834,94.059298,3.926148,0.150315,0.572096,0.0,0.0,2,1,15,1,0
5409618,281922,2005,205,-120.206,45.7981,115299,1,1,0.0,105.136668,97.777101,163.972199,6.844397,0.262043,0.997326,0.0,0.0,2,1,15,1,0
5409619,281923,2005,205,-120.2028,45.7987,115299,1,1,62500.0,149.746896,139.264613,233.546756,9.748523,0.373229,1.420499,0.0,0.0,2,1,15,2,0
5409620,281924,2005,205,-120.1997,45.7993,115299,1,1,62500.0,152.661132,141.974853,238.091828,9.93824,0.380493,1.448143,0.0,0.0,2,1,15,2,0
5409621,281925,2005,205,-120.1966,45.7998,115299,1,1,62500.0,154.454508,143.64269199999995,240.888795,10.054988,0.384962,1.465155,0.0,0.0,2,1,15,2,0
5409700,282004,2005,205,-120.2254,45.7969,115299,1,1,62500.0,181.467234,168.764528,283.018113,11.813517,0.4522890000000001,1.721398,0.0,0.0,2,1,15,2,0
5409701,282005,2005,205,-120.2223,45.7975,115299,1,1,62500.0,161.515926,150.209811,251.901853,10.514687,0.402562,1.53214,0.0,0.0,2,1,15,2,0
5409702,282006,2005,205,-120.2192,45.798,115299,1,1,62500.0,157.25665800000004,146.248692,245.259056,10.237408,0.391946,1.491737,0.0,0.0,2,1,15,2,0
5409703,282007,2005,205,-120.2161,45.7986,115299,1,1,62500.0,163.869732,152.398851,255.572873,10.66792,0.408429,1.554468,0.0,0.0,2,1,15,2,0
5409704,282008,2005,205,-120.213,45.7992,115299,2,2,62500.0,275.73156,248.158404,416.161644,17.371088,0.665065,2.531216,0.0,0.0,2,1,15,2,0
5409705,282009,2005,205,-120.2099,45.7997,115299,2,2,0.0,139.99541399999998,125.995873,211.295078,8.819711,0.337669,1.285158,0.0,0.0,2,1,15,1,0
5409706,282010,2005,205,-120.2068,45.8003,115299,1,1,62500.0,131.14061999999998,121.960777,204.528222,8.537253999999999,0.326855,1.244,0.0,0.0,2,1,15,2,0
5409707,282011,2005,205,-120.2037,45.8009,115299,1,1,62500.0,160.170894,148.958931,249.804128,10.427125,0.39921,1.519381,0.0,0.0,2,1,15,2,0
5409708,282012,2005,205,-120.2005,45.8014,115299,1,1,62500.0,158.37751799999995,147.291092,247.007161,10.310376,0.39474,1.502369,0.0,0.0,2,1,15,2,0
5409709,282013,2005,205,-120.1974,45.802,115299,1,1,62500.0,139.210812,129.466055,217.114575,9.062624,0.346969,1.320554,0.0,0.0,2,1,15,2,0
5409788,282092,2005,205,-120.2293,45.7985,115299,1,1,62500.0,193.236264,179.709726,301.3732100000001,12.579681,0.4816220000000001,1.833039,0.0,0.0,2,1,15,2,0
5409789,282093,2005,205,-120.2262,45.7991,115299,2,2,62500.0,439.713378,395.74204,663.659401,27.701943,1.060589,4.036569,0.0,0.0,2,1,15,2,0
5409790,282094,2005,205,-120.2231,45.7996,115299,1,1,62500.0,171.603666,159.591409,267.634794,11.171399,0.427705,1.627832,0.0,0.0,2,1,15,2,0
5409791,282095,2005,205,-120.22,45.8002,115299,1,1,62500.0,160.95549599999995,149.688611,251.027801,10.478203,0.401165,1.526824,0.0,0.0,2,1,15,2,0
5409792,282096,2005,205,-120.2169,45.8008,115299,1,1,62500.0,152.549046,141.870613,237.917018,9.930943,0.380213,1.44708,0.0,0.0,2,1,15,2,0
5409793,282097,2005,205,-120.2138,45.8013,115299,2,2,0.0,269.56683,242.610147,406.857217,16.98271,0.650195,2.474623,0.0,0.0,2,1,15,1,0
5409794,282098,2005,205,-120.2107,45.8019,115299,1,1,0.0,56.939688,52.95391,88.80370699999997,3.706774,0.141916,0.54013,0.0,0.0,2,1,15,1,0
5409795,282099,2005,205,-120.2076,45.8025,115299,1,1,62500.0,148.850208,138.430693,232.148273,9.690149,0.370994,1.411993,0.0,0.0,2,1,15,2,0
5409796,282100,2005,205,-120.2045,45.803000000000004,115299,1,1,62500.0,165.88728,154.27517,258.719461,10.799262,0.413457,1.573607,0.0,0.0,2,1,15,2,0
5409797,282101,2005,205,-120.2014,45.8036,115299,1,1,62500.0,149.858982,139.368853,233.721567,9.75582,0.373509,1.421562,0.0,0.0,2,1,15,2,0
5409798,282102,2005,205,-120.1982,45.8042,115299,1,1,62500.0,110.068452,102.36366,171.663858,7.165456,0.274335,1.044109,0.0,0.0,2,1,15,2,0
5409881,282185,2005,205,-120.227,45.8012,115299,1,1,0.0,184.493556,171.57900700000005,287.737995,12.01053,0.459832,1.7501060000000002,0.0,0.0,2,1,15,1,0
5409882,282186,2005,205,-120.2239,45.8018,115299,1,1,62500.0,166.335624,154.69213,259.418703,10.828449,0.414575,1.57786,0.0,0.0,2,1,15,2,0
5409883,282187,2005,205,-120.2208,45.8024,115299,2,2,62500.0,341.077698,306.969928,514.78857,21.487895,0.822679,3.131093,0.0,0.0,2,1,15,2,0
5409884,282188,2005,205,-120.2177,45.803000000000004,115299,1,1,62500.0,68.148288,63.377908,106.284751,4.436454,0.169853,0.646455,0.0,0.0,2,1,15,2,0
5409885,282189,2005,205,-120.2146,45.8035,115299,2,2,62500.0,175.750848,158.175763,265.260755,11.072303,0.423911,1.613393,0.0,0.0,2,1,15,2,0
5409886,282190,2005,205,-120.2115,45.8041,115299,1,1,0.0,133.718598,124.358296,208.548863,8.705081,0.33328,1.268455,0.0,0.0,2,1,15,1,0
5409887,282191,2005,205,-120.2084,45.8047,115299,1,1,62500.0,130.01976000000002,120.918377,202.780118,8.464286,0.324061,1.233367,0.0,0.0,2,1,15,2,0
5409888,282192,2005,205,-120.2053,45.8052,115299,1,1,62500.0,154.454508,143.64269199999995,240.888795,10.054988,0.384962,1.465155,0.0,0.0,2,1,15,2,0
5409973,282277,2005,205,-120.2279,45.8034,115299,1,1,62500.0,185.166072,172.204447,288.786858,12.054311,0.461508,1.756485,0.0,0.0,2,1,15,2,0
5409974,282278,2005,205,-120.2247,45.803999999999995,115299,2,2,62500.0,382.549518,344.2945660000001,577.381988,24.100620000000006,0.922709,3.5118050000000003,0.0,0.0,2,1,15,2,0
5409975,282279,2005,205,-120.2216,45.8046,115299,1,1,62500.0,77.227254,71.82134599999998,120.444398,5.027494,0.192481,0.732578,0.0,0.0,2,1,15,2,0
5409976,282280,2005,205,-120.2185,45.8051,115299,2,2,0.0,273.265668,245.939101,412.439873,17.215737,0.659117,2.508579,0.0,0.0,2,1,15,1,0
5409977,282281,2005,205,-120.2154,45.8057,115299,2,2,0.0,85.521618,76.96945600000002,129.077778,5.387862,0.206278,0.785088,0.0,0.0,2,1,15,1,0
5409978,282282,2005,205,-120.2123,45.8063,115299,1,1,0.0,137.30535,127.693976,214.14279700000003,8.938578,0.34222,1.3024790000000002,0.0,0.0,2,1,15,1,0
5409979,282283,2005,205,-120.2092,45.8068,115299,1,1,0.0,138.089952,128.423655,215.36647,8.989656,0.344175,1.309921,0.0,0.0,2,1,15,1,0
5410066,282370,2005,205,-120.2318,45.805,115299,1,1,62500.0,174.742074,162.510129,272.529486,11.375709,0.4355270000000001,1.657603,0.0,0.0,2,1,15,2,0
5410067,282371,2005,205,-120.2287,45.8056,115299,2,2,62500.0,402.724998,362.452498,607.8328389999998,25.371675,0.971373,3.697015,0.0,0.0,2,1,15,2,0
5410068,282372,2005,205,-120.2256,45.8062,115299,1,1,62500.0,132.149394,122.898936,206.101516,8.602926,0.329369,1.2535690000000002,0.0,0.0,2,1,15,2,0
5410069,282373,2005,205,-120.2224,45.8067,115299,1,1,62500.0,77.00308199999998,71.612866,120.094777,5.012901,0.191922,0.7304510000000001,0.0,0.0,2,1,15,2,0
5410070,282374,2005,205,-120.2193,45.8073,115299,2,2,62500.0,63.32859000000001,56.995731000000006,95.581841,3.989701,0.152749,0.5813560000000001,0.0,0.0,2,1,15,2,0
5410071,282375,2005,205,-120.2162,45.8079,115299,1,1,0.0,125.648406,116.853018,195.96251,8.179711,0.313166,1.191901,0.0,0.0,2,1,15,1,0
5410072,282376,2005,205,-120.2131,45.8084,115299,1,1,0.0,139.883328,130.091495,218.163437,9.106405,0.348645,1.326933,0.0,0.0,2,1,15,1,0
5410073,282377,2005,205,-120.21,45.809,115299,2,2,0.0,521.9845019999998,469.78605199999987,787.831209,32.885024,1.259027,4.791818,0.0,0.0,2,1,15,1,0
5410159,282463,2005,205,-120.2326,45.8072,115299,1,1,62500.0,160.95549599999995,149.688611,251.027801,10.478203,0.401165,1.526824,0.0,0.0,2,1,15,2,0
5410160,282464,2005,205,-120.2295,45.8078,115299,2,2,62500.0,381.764916,343.5884240000001,576.197788,24.05119,0.920817,3.504602,0.0,0.0,2,1,15,2,0
5410161,282465,2005,205,-120.2264,45.8083,115299,2,2,62500.0,355.536792,319.983113,536.61168,22.398818,0.857555,3.263828,0.0,0.0,2,1,15,2,0
5410162,282466,2005,205,-120.2233,45.8089,115299,1,1,62500.0,39.454272,36.692473,61.53327700000001,2.568473,0.098336,0.374263,0.0,0.0,2,1,15,2,0
5410163,282467,2005,205,-120.2201,45.8095,115299,2,2,0.0,133.046082,119.741474,200.806452,8.381903,0.320907,1.221363,0.0,0.0,2,1,15,1,0
5410164,282468,2005,205,-120.21700000000001,45.8101,115299,2,2,62500.0,356.209308,320.588377,537.626709,22.441186,0.8591770000000001,3.270001,0.0,0.0,2,1,15,2,0
5410165,282469,2005,205,-120.2139,45.8106,115299,2,2,0.0,347.4666,312.71994,524.431339,21.890396,0.838089,3.189743,0.0,0.0,2,1,15,1,0
5410256,282560,2005,205,-120.2334,45.8094,115299,1,1,62500.0,165.551022,153.96245,258.195029,10.777372,0.412619,1.570417,0.0,0.0,2,1,15,2,0
5410257,282561,2005,205,-120.2303,45.81,115299,2,2,62500.0,388.826334,349.943701,586.855586,24.496059,0.937849,3.569426,0.0,0.0,2,1,15,2,0
5410258,282562,2005,205,-120.2272,45.8105,115299,1,1,62500.0,122.17374,113.621578,190.543387,7.95351,0.304506,1.15894,0.0,0.0,2,1,15,2,0
5410259,282563,2005,205,-120.2241,45.8111,115299,1,1,62500.0,59.181408,55.038709,92.299916,3.85271,0.147504,0.561395,0.0,0.0,2,1,15,2,0
5410260,282564,2005,205,-120.221,45.8117,115299,2,2,62500.0,360.2444040000001,324.219964,543.716879,22.695397,0.8689100000000001,3.3070440000000003,0.0,0.0,2,1,15,2,0
5410261,282565,2005,205,-120.2178,45.8122,115299,1,1,62500.0,135.62406,126.130376,211.52064,8.829125999999997,0.338029,1.28653,0.0,0.0,2,1,15,2,0
5410262,282566,2005,205,-120.2147,45.8128,115299,1,1,0.0,84.512844,78.59694499999998,131.807077,5.501786,0.21064,0.801689,0.0,0.0,2,1,15,1,0
5410359,282663,2005,205,-120.2498,45.8087,115299,1,1,62500.0,126.65718,117.791177,197.535804,8.245382000000001,0.31568,1.20147,0.0,0.0,2,1,15,2,0
5410360,282664,2005,205,-120.2466,45.8093,115299,1,1,62500.0,131.925222,122.690456,205.751895,8.588332000000001,0.32881,1.251443,0.0,0.0,2,1,15,2,0
5410361,282665,2005,205,-120.2435,45.8099,115299,1,1,62500.0,133.83068400000002,124.462536,208.723673,8.712378,0.33356,1.269518,0.0,0.0,2,1,15,2,0
5410362,282666,2005,205,-120.2404,45.8104,115299,1,1,62500.0,151.65235800000005,141.036693,236.518534,9.872569,0.377978,1.438574,0.0,0.0,2,1,15,2,0
5410363,282667,2005,205,-120.2373,45.81100000000001,115299,1,1,62500.0,157.592916,146.56141200000005,245.783488,10.259299,0.392785,1.494926,0.0,0.0,2,1,15,2,0
5410364,282668,2005,205,-120.2342,45.8116,115299,1,1,62500.0,172.724526,160.633809,269.382898,11.244367,0.430499,1.638465,0.0,0.0,2,1,15,2,0
5410365,282669,2005,205,-120.2311,45.8121,115299,1,1,62500.0,159.498378,148.33349199999995,248.755265,10.383344,0.397534,1.513002,0.0,0.0,2,1,15,2,0
5410366,282670,2005,205,-120.228,45.8127,115299,2,2,62500.0,354.864276,319.377848,535.596652,22.356449,0.8559329999999999,3.257654,0.0,0.0,2,1,15,2,0
5410367,282671,2005,205,-120.2249,45.8133,115299,1,1,62500.0,168.68943000000004,156.88117,263.089722,10.981682,0.420442,1.600188,0.0,0.0,2,1,15,2,0
5410368,282672,2005,205,-120.2218,45.8138,115299,1,1,0.0,142.237134,132.280535,221.834457,9.259637,0.354512,1.349261,0.0,0.0,2,1,15,1,0
5410369,282673,2005,205,-120.2187,45.8144,115299,1,1,62500.0,136.296576,126.755816,212.569503,8.872907000000003,0.339706,1.292909,0.0,0.0,2,1,15,2,0
5410370,282674,2005,205,-120.2155,45.815,115299,2,2,62500.0,356.99391,321.294519,538.810908,22.490616,0.8610690000000001,3.277204,0.0,0.0,2,1,15,2,0
5410475,282779,2005,205,-120.2506,45.8109,115299,2,2,62500.0,104.015808,93.614227,156.991059,6.552996,0.250886,0.954865,0.0,0.0,2,1,15,2,0
5410476,282780,2005,205,-120.2475,45.8115,115299,1,1,62500.0,123.742944,115.080938,192.990733,8.055666,0.308417,1.173826,0.0,0.0,2,1,15,2,0
5410477,282781,2005,205,-120.2443,45.812,115299,1,1,62500.0,126.433008,117.582697,197.186184,8.230789,0.315122,1.199344,0.0,0.0,2,1,15,2,0
5410478,282782,2005,205,-120.2412,45.8126,115299,1,1,62500.0,116.345268,108.201099,181.453243,7.574077000000001,0.289979,1.103651,0.0,0.0,2,1,15,2,0
5410479,282783,2005,205,-120.2381,45.8132,115299,1,1,62500.0,142.237134,132.280535,221.834457,9.259637,0.354512,1.349261,0.0,0.0,2,1,15,2,0
5410480,282784,2005,205,-120.235,45.8137,115299,1,1,62500.0,161.515926,150.209811,251.901853,10.514687,0.402562,1.53214,0.0,0.0,2,1,15,2,0
5410481,282785,2005,205,-120.2319,45.8143,115299,1,1,62500.0,142.01296200000004,132.072055,221.484836,9.245044,0.353953,1.347135,0.0,0.0,2,1,15,2,0
5410482,282786,2005,205,-120.2288,45.8149,115299,1,1,62500.0,115.44858,107.367179,180.05476000000004,7.515703,0.287744,1.095145,0.0,0.0,2,1,15,2,0
5410483,282787,2005,205,-120.2257,45.8155,115299,1,1,62500.0,80.814006,75.157026,126.038332,5.260992,0.201421,0.766602,0.0,0.0,2,1,15,2,0
5410484,282788,2005,205,-120.2226,45.816,115299,1,1,62500.0,138.76246799999998,129.049095,216.415333,9.033437,0.345852,1.316301,0.0,0.0,2,1,15,2,0
5410485,282789,2005,205,-120.2195,45.8166,115299,1,1,62500.0,145.82388600000004,135.616214,227.428391,9.493135,0.363451,1.383285,0.0,0.0,2,1,15,2,0
5410486,282790,2005,205,-120.2164,45.8172,115299,1,1,0.0,75.09761999999998,69.840787,117.122999,4.888855,0.187173,0.712376,0.0,0.0,2,1,15,1,0
5410587,282891,2005,205,-120.2545,45.8125,115298,1,1,62500.0,167.45648400000005,155.73453,261.166807,10.901417,0.4173689999999999,1.588492,0.0,0.0,2,1,15,2,0
5410588,282892,2005,205,-120.2514,45.8131,115299,1,1,62500.0,163.42138799999995,151.981891,254.873631,10.638732,0.407311,1.550215,0.0,0.0,2,1,15,2,0
5410589,282893,2005,205,-120.2483,45.8137,115299,1,1,62500.0,164.318076,152.815811,256.272115,10.697107,0.409546,1.558721,0.0,0.0,2,1,15,2,0
5410590,282894,2005,205,-120.2452,45.8142,115299,1,1,62500.0,158.04126000000005,146.978372,246.48273,10.288486,0.393902,1.499179,0.0,0.0,2,1,15,2,0
5410591,282895,2005,205,-120.242,45.8148,115299,1,1,62500.0,161.179668,149.897091,251.377422,10.492796,0.401724,1.52895,0.0,0.0,2,1,15,2,0
5410592,282896,2005,205,-120.2389,45.8154,115299,1,1,62500.0,180.682632,168.034848,281.79444,11.762439,0.450333,1.713955,0.0,0.0,2,1,15,2,0
5410593,282897,2005,205,-120.2358,45.8159,115299,2,2,62500.0,404.966718,364.470046,611.216267,25.512903,0.97678,3.717594,0.0,0.0,2,1,15,2,0
5410594,282898,2005,205,-120.2327,45.8165,115299,1,1,62500.0,155.463282,144.580852,242.462089,10.12066,0.387477,1.474725,0.0,0.0,2,1,15,2,0
5410595,282899,2005,205,-120.2296,45.8171,115299,1,1,62500.0,131.476878,122.273497,205.052654,8.559145,0.327693,1.24719,0.0,0.0,2,1,15,2,0
5410596,282900,2005,205,-120.2265,45.8176,115299,2,2,62500.0,67.027428,60.324685,101.164497,4.222728,0.16167,0.615312,0.0,0.0,2,1,15,2,0
5410597,282901,2005,205,-120.2234,45.8182,115299,2,2,0.0,154.454508,139.009057,233.118189,9.730634,0.372544,1.417892,0.0,0.0,2,1,15,1,0
5410598,282902,2005,205,-120.2203,45.8188,115299,1,1,62500.0,142.685478,132.697495,222.533698,9.288825,0.355629,1.353514,0.0,0.0,2,1,15,2,0
5410599,282903,2005,205,-120.2172,45.8193,115299,2,2,62500.0,96.95439,87.258951,146.33326100000005,6.108127,0.233854,0.890041,0.0,0.0,2,1,15,2,0
5410698,283002,2005,205,-120.2553,45.8147,115298,2,2,62500.0,187.968222,169.1714,283.700437,11.841998,0.453379,1.725548,0.0,0.0,2,1,15,2,0
5410699,283003,2005,205,-120.2522,45.8153,115299,1,1,62500.0,158.825862,147.708052,247.706403,10.339564,0.395858,1.506622,0.0,0.0,2,1,15,2,0
5410700,283004,2005,205,-120.2491,45.8158,115299,1,1,62500.0,160.28298,149.06317099999995,249.978938,10.434422,0.399489,1.520444,0.0,0.0,2,1,15,2,0
5410701,283005,2005,205,-120.24600000000001,45.8164,115299,1,1,62500.0,135.511974,126.026136,211.34583,8.82183,0.33775,1.285467,0.0,0.0,2,1,15,2,0
5410702,283006,2005,205,-120.2429,45.817,115299,1,1,62500.0,144.478854,134.36533400000002,225.330665,9.405573,0.360099,1.370526,0.0,0.0,2,1,15,2,0
5410703,283007,2005,205,-120.2397,45.8175,115299,1,1,62500.0,171.49158,159.487169,267.459983,11.164102,0.427426,1.626769,0.0,0.0,2,1,15,2,0
5410704,283008,2005,205,-120.2366,45.8181,115299,1,1,62500.0,141.340446,131.44661499999998,220.435973,9.201263,0.352277,1.340755,0.0,0.0,2,1,15,2,0
5410705,283009,2005,205,-120.2335,45.8187,115299,1,1,62500.0,158.04126000000005,146.978372,246.48273,10.288486,0.393902,1.499179,0.0,0.0,2,1,15,2,0
5410706,283010,2005,205,-120.2304,45.8192,115299,1,1,62500.0,116.233182,108.096859,181.278433,7.56678,0.2897,1.102588,0.0,0.0,2,1,15,2,0
5410707,283011,2005,205,-120.2273,45.8198,115299,2,2,62500.0,74.873448,67.386103,113.006495,4.717027,0.180595,0.687338,0.0,0.0,2,1,15,2,0
5410708,283012,2005,205,-120.2242,45.8204,115299,1,1,62500.0,147.056832,136.762854,229.351306,9.5734,0.366524,1.394981,0.0,0.0,2,1,15,2,0
5410709,283013,2005,205,-120.2211,45.8209,115299,1,1,62500.0,137.193264,127.58973600000002,213.967986,8.931281,0.34194,1.301415,0.0,0.0,2,1,15,2,0
5410807,283111,2005,205,-120.25299999999999,45.8174,115299,1,1,62500.0,159.274206,148.125012,248.405644,10.368751,0.396975,1.510875,0.0,0.0,2,1,15,2,0
5410808,283112,2005,205,-120.2499,45.818000000000005,115299,1,1,62500.0,160.619238,149.375891,250.50337,10.456312,0.400327,1.523634,0.0,0.0,2,1,15,2,0
5410809,283113,2005,205,-120.2468,45.8186,115299,1,1,62500.0,144.142596,134.05261399999998,224.806234,9.383683,0.359261,1.367337,0.0,0.0,2,1,15,2,0
5410810,283114,2005,205,-120.2437,45.8191,115299,1,1,62500.0,151.091928,140.515493,235.644482,9.836085,0.376582,1.433258,0.0,0.0,2,1,15,2,0
5410811,283115,2005,205,-120.2406,45.8197,115299,1,1,62500.0,157.705002,146.665652,245.958298,10.266596,0.393064,1.49599,0.0,0.0,2,1,15,2,0
5410812,283116,2005,205,-120.2374,45.8203,115299,1,1,62500.0,150.19523999999996,139.681573,234.245998,9.77771,0.374347,1.424752,0.0,0.0,2,1,15,2,0
5410813,283117,2005,205,-120.2343,45.8209,115299,1,1,62500.0,147.729348,137.388294,230.400168,9.617181,0.368201,1.401361,0.0,0.0,2,1,15,2,0
5410814,283118,2005,205,-120.2312,45.8214,115299,1,1,62500.0,102.334518,95.171102,159.601938,6.661977,0.25505900000000004,0.970745,0.0,0.0,2,1,15,2,0
5410815,283119,2005,205,-120.2281,45.821999999999996,115299,2,2,62500.0,72.743814,65.469433,109.79223799999998,4.58286,0.175458,0.667788,0.0,0.0,2,1,15,2,0
5410816,283120,2005,205,-120.225,45.8226,115299,1,1,62500.0,113.094774,105.17813999999998,176.38374,7.36247,0.281877,1.072817,0.0,0.0,2,1,15,2,0
5410817,283121,2005,205,-120.2219,45.8231,115299,1,1,62500.0,162.300528,150.939491,253.125526,10.565764,0.404518,1.539583,0.0,0.0,2,1,15,2,0
5410818,283122,2005,205,-120.2188,45.8237,115299,2,2,62500.0,340.405182,306.364664,513.773541,21.445526,0.8210569999999999,3.12492,0.0,0.0,2,1,15,2,0
5410916,283220,2005,205,-120.2538,45.8196,115299,1,1,62500.0,165.88728,154.27517,258.719461,10.799262,0.413457,1.573607,0.0,0.0,2,1,15,2,0
5410917,283221,2005,205,-120.2507,45.8202,115299,1,1,62500.0,171.043236,159.070209,266.760741,11.134915,0.426308,1.622516,0.0,0.0,2,1,15,2,0
5410918,283222,2005,205,-120.2476,45.8208,115299,2,2,62500.0,386.808786,348.127907,583.8105009999998,24.368954,0.932983,3.550905,0.0,0.0,2,1,15,2,0
5410919,283223,2005,205,-120.2445,45.8213,115299,2,2,62500.0,330.5416140000001,297.487453,498.886458,20.824122,0.797266,3.0343720000000003,0.0,0.0,2,1,15,2,0
5410920,283224,2005,205,-120.2414,45.8219,115299,2,2,62500.0,294.674094,265.206685,444.75161,18.564468,0.710754,2.705108,0.0,0.0,2,1,15,2,0
5410921,283225,2005,205,-120.2383,45.8225,115299,1,1,62500.0,98.411508,91.522702,153.483572,6.406589,0.245281,0.933532,0.0,0.0,2,1,15,2,0
5410922,283226,2005,205,-120.2351,45.823,115299,0,0,62500.0,0.0,0.0,0.0,0.0,0.0,0.0,0.0,0.0,2,1,15,2,0
5410923,283227,2005,205,-120.23200000000001,45.8236,115299,2,2,0.0,114.663978,103.19758,173.062342,7.223831,0.27657,1.052615,0.0,0.0,2,1,15,1,0
5410924,283228,2005,205,-120.2289,45.8242,115299,1,1,0.0,123.518772,114.872458,192.641112,8.041072,0.307858,1.171699,0.0,0.0,2,1,15,1,0
5410925,283229,2005,205,-120.2258,45.8247,115299,2,2,62500.0,120.49245,108.443205,181.859255,7.591024000000001,0.290628,1.106121,0.0,0.0,2,1,15,2,0
5410926,283230,2005,205,-120.2227,45.8253,115299,2,2,62500.0,169.137774,152.223997,255.279642,10.65568,0.40796,1.552685,0.0,0.0,2,1,15,2,0
5410927,283231,2005,205,-120.2196,45.8259,115299,2,2,62500.0,351.38961,316.250649,530.352338,22.137545000000006,0.8475520000000001,3.225757,0.0,0.0,2,1,15,2,0
5411024,283328,2005,205,-120.2546,45.8218,115299,2,2,62500.0,347.354514,312.619063,524.262168,21.883334,0.8378190000000001,3.188714,0.0,0.0,2,1,15,2,0
5411025,283329,2005,205,-120.2515,45.8224,115299,2,2,62500.0,140.331672,126.298505,211.80259300000003,8.840895,0.33848,1.288245,0.0,0.0,2,1,15,2,0
5411026,283330,2005,205,-120.2484,45.8229,115299,1,1,62500.0,118.026558,109.764699,184.0754,7.683528999999999,0.294169,1.1196,0.0,0.0,2,1,15,2,0
5411027,283331,2005,205,-120.2391,45.8246,115299,1,1,62500.0,80.253576,74.635826,125.16428,5.224508,0.200024,0.761285,0.0,0.0,2,1,15,2,0
5411028,283332,2005,205,-120.236,45.8252,115299,1,1,62500.0,101.99826,94.858382,159.077506,6.6400869999999985,0.25422,0.967555,0.0,0.0,2,1,15,2,0
5411029,283333,2005,205,-120.2328,45.8258,115299,2,2,0.0,364.055328,327.6497950000001,549.468707,22.935486,0.878101,3.342028,0.0,0.0,2,1,15,1,0
5411030,283334,2005,205,-120.2297,45.8263,115299,1,1,62500.0,132.82191,123.524376,207.150379,8.646706,0.331045,1.259949,0.0,0.0,2,1,15,2,0
5411031,283335,2005,205,-120.2266,45.8269,115299,2,2,62500.0,370.44423,333.399807,559.1114759999998,23.337986,0.893511,3.400678,0.0,0.0,2,1,15,2,0
5411032,283336,2005,205,-120.2235,45.8275,115299,1,1,62500.0,138.538296,128.840615,216.065712,9.018843,0.345293,1.314174,0.0,0.0,2,1,15,2,0
5411033,283337,2005,205,-120.2204,45.828,115299,1,1,62500.0,133.606512,124.254056,208.374052,8.697784,0.33300100000000005,1.267391,0.0,0.0,2,1,15,2,0
5411121,283425,2005,206,-120.2461,45.8257,115299,2,2,0.0,352.734642,317.461178,532.382395,22.222282,0.8507959999999999,3.238104,0.0,0.0,2,1,15,1,0
5411122,283426,2005,205,-120.243,45.8263,115299,1,1,62500.0,132.48565200000002,123.211656,206.625948,8.624816000000001,0.33020700000000003,1.256759,0.0,0.0,2,1,15,2,0
5411123,283427,2005,205,-120.2399,45.8268,115299,1,1,62500.0,98.971938,92.043902,154.357624,6.443073,0.246678,0.938848,0.0,0.0,2,1,15,2,0
5411124,283428,2005,205,-120.2368,45.8274,115299,2,2,0.0,514.2505679999998,462.825511,776.1583820000002,32.397786,1.240372,4.72082,0.0,0.0,2,1,15,1,0
5411125,283429,2005,205,-120.2337,45.828,115299,1,1,62500.0,116.457354,108.305339,181.628054,7.581374,0.290258,1.104714,0.0,0.0,2,1,15,2,0
5411126,283430,2005,205,-120.2305,45.8285,115299,1,1,0.0,132.037308,122.794696,205.926706,8.595628999999999,0.32909,1.252506,0.0,0.0,2,1,15,1,0
5411127,283431,2005,205,-120.2274,45.8291,115299,2,2,62500.0,379.186938,341.268244,572.306846,23.888777,0.914599,3.4809360000000003,0.0,0.0,2,1,15,2,0
5411128,283432,2005,205,-120.2243,45.8297,115299,1,1,0.0,128.114298,119.146297,199.80834,8.340241,0.319312,1.215292,0.0,0.0,2,1,15,1,0
5411129,283433,2005,205,-120.2212,45.8302,115299,2,2,0.0,375.376014,337.838413,566.555018,23.648689,0.905407,3.445952,0.0,0.0,2,1,15,1,0
5411211,283515,2005,206,-120.2469,45.8279,115299,1,1,62500.0,131.028534,121.85653700000002,204.353412,8.529958,0.32657600000000003,1.2429370000000002,0.0,0.0,2,1,15,2,0
5411212,283516,2005,205,-120.2438,45.8284,115299,2,2,62500.0,392.637258,353.373532,592.607413,24.736147,0.947041,3.60441,0.0,0.0,2,1,15,2,0
5411213,283517,2005,205,-120.2407,45.82899999999999,115299,2,2,0.0,374.36724,336.930516,565.032475,23.585136,0.902974,3.436691,0.0,0.0,2,1,15,1,0
5411214,283518,2005,205,-120.2376,45.8296,115299,1,1,62500.0,124.079202,115.393658,193.515164,8.077556,0.309255,1.177015,0.0,0.0,2,1,15,2,0
5411215,283519,2005,205,-120.2345,45.8301,115299,1,1,62500.0,106.593786,99.132221,166.24473500000005,6.939255,0.265674,1.011149,0.0,0.0,2,1,15,2,0
5411216,283520,2005,205,-120.2314,45.8307,115299,1,1,62500.0,141.116274,131.238135,220.086352,9.186669,0.351718,1.338629,0.0,0.0,2,1,15,2,0
5411217,283521,2005,205,-120.2282,45.8313,115299,1,1,62500.0,142.237134,132.280535,221.834457,9.259637,0.354512,1.349261,0.0,0.0,2,1,15,2,0
5411218,283522,2005,205,-120.2251,45.8318,115299,1,1,62500.0,145.375542,135.199254,226.72914900000004,9.463948,0.362334,1.379032,0.0,0.0,2,1,15,2,0
5411294,283598,2005,206,-120.2508,45.8295,115299,1,1,62500.0,134.727372,125.296456,210.122157,8.770752,0.33579499999999995,1.278024,0.0,0.0,2,1,15,2,0
5411295,283599,2005,206,-120.2477,45.83,115299,2,2,62500.0,387.369216,348.632294,584.656358,24.404261,0.934335,3.556049,0.0,0.0,2,1,15,2,0
5411296,283600,2005,206,-120.2446,45.8306,115299,2,2,62500.0,340.18101,306.162909,513.435198,21.431404,0.820517,3.122862,0.0,0.0,2,1,15,2,0
5411297,283601,2005,205,-120.2415,45.8312,115299,2,2,62500.0,370.332144,333.29893,558.942305,23.330925,0.893241,3.399649,0.0,0.0,2,1,15,2,0
5411298,283602,2005,205,-120.2384,45.8317,115299,1,1,62500.0,143.133822,133.114454,223.23294,9.318012,0.356747,1.357767,0.0,0.0,2,1,15,2,0
5411299,283603,2005,205,-120.2353,45.8323,115299,2,2,62500.0,529.830522,476.84747,799.673207,33.379323,1.277951,4.863844,0.0,0.0,2,1,15,2,0
5411300,283604,2005,205,-120.2322,45.8329,115299,1,1,62500.0,146.83266,136.554374,229.001685,9.558806,0.365966,1.392855,0.0,0.0,2,1,15,2,0
5411301,283605,2005,205,-120.2291,45.8334,115299,1,1,62500.0,156.584142,145.623252,244.210194,10.193628,0.39027,1.485357,0.0,0.0,2,1,15,2,0
5411302,283606,2005,205,-120.2259,45.833999999999996,115299,1,1,0.0,168.016914,156.25573,262.040859,10.937901,0.418765,1.593808,0.0,0.0,2,1,15,1,0
5411377,283681,2005,206,-120.2516,45.8317,115299,1,1,62500.0,154.11825,143.329972,240.364364,10.033098,0.384124,1.461966,0.0,0.0,2,1,15,2,0
5411378,283682,2005,206,-120.2485,45.8322,115299,1,1,62500.0,135.736146,126.234616,211.695451,8.836423,0.338309,1.287593,0.0,0.0,2,1,15,2,0
5411379,283683,2005,206,-120.2454,45.8328,115299,1,1,62500.0,128.33847,119.354777,200.157961,8.354834,0.319871,1.217419,0.0,0.0,2,1,15,2,0
5411380,283684,2005,205,-120.2423,45.8334,115299,2,2,62500.0,372.12552,334.9129680000001,561.649047,23.443908,0.897567,3.4161120000000005,0.0,0.0,2,1,15,2,0
5411381,283685,2005,205,-120.2392,45.8339,115299,1,1,62500.0,145.7118,135.511974,227.25358,9.485838,0.363172,1.3822219999999998,0.0,0.0,2,1,15,2,0
5411382,283686,2005,205,-120.2361,45.8345,115299,1,1,62500.0,150.19523999999996,139.681573,234.245998,9.77771,0.374347,1.424752,0.0,0.0,2,1,15,2,0
5411383,283687,2005,205,-120.23299999999999,45.8351,115299,1,1,62500.0,135.39988799999998,125.921896,211.171019,8.814533,0.337471,1.284403,0.0,0.0,2,1,15,2,0
5411384,283688,2005,205,-120.2299,45.8356,115299,1,1,62500.0,157.929174,146.874132,246.307919,10.281189,0.393623,1.498116,0.0,0.0,2,1,15,2,0
5411385,283689,2005,205,-120.2268,45.8362,115299,1,1,62500.0,149.858982,139.368853,233.721567,9.75582,0.373509,1.421562,0.0,0.0,2,1,15,2,0
5411452,283756,2005,206,-120.2556,45.8333,115299,1,1,62500.0,159.386292,148.229252,248.580455,10.376048,0.397254,1.511938,0.0,0.0,2,1,15,2,0
5411453,283757,2005,206,-120.2525,45.8338,115299,1,1,62500.0,144.142596,134.05261399999998,224.806234,9.383683,0.359261,1.367337,0.0,0.0,2,1,15,2,0
5411454,283758,2005,206,-120.2493,45.8344,115299,2,2,62500.0,337.3788600000001,303.640974,509.205913,21.254868,0.813758,3.097138,0.0,0.0,2,1,15,2,0
5411455,283759,2005,206,-120.2462,45.835,115299,1,1,62500.0,108.38716200000002,100.800061,169.04170200000004,7.056004,0.270144,1.028161,0.0,0.0,2,1,15,2,0
5411456,283760,2005,205,-120.2431,45.8355,115299,1,1,62500.0,135.287802,125.817656,210.996209,8.807236,0.337191,1.28334,0.0,0.0,2,1,15,2,0
5411457,283761,2005,205,-120.24,45.8361,115299,1,1,0.0,169.025688,157.19388999999995,263.614153,11.003572,0.42128,1.603378,0.0,0.0,2,1,15,1,0
5411458,283762,2005,205,-120.2369,45.8367,115299,1,1,62500.0,145.487628,135.303494,226.90396,9.471245,0.362613,1.380096,0.0,0.0,2,1,15,2,0
5411459,283763,2005,205,-120.2338,45.8372,115299,1,1,62500.0,144.703026,134.573814,225.680286,9.420167,0.360658,1.372653,0.0,0.0,2,1,15,2,0
5411460,283764,2005,205,-120.2307,45.8378,115299,1,1,62500.0,137.529522,127.902455,214.492418,8.953172,0.342779,1.304605,0.0,0.0,2,1,15,2,0
5411461,283765,2005,205,-120.2276,45.8384,115299,2,2,62500.0,516.268116,464.641304,779.203467,32.524891,1.245239,4.7393410000000005,0.0,0.0,2,1,15,2,0
5411462,283766,2005,205,-120.2245,45.8389,115299,1,1,0.0,100.541142,93.503262,156.80497,6.545228,0.250589,0.953733,0.0,0.0,2,1,15,1,0
5411527,283831,2005,206,-120.2595,45.8349,115299,1,1,62500.0,167.00814,155.31757,260.467565,10.87223,0.416251,1.584239,0.0,0.0,2,1,15,2,0
5411528,283832,2005,206,-120.2564,45.8354,115299,1,1,62500.0,157.032486,146.04021200000003,244.909435,10.222815,0.391388,1.48961,0.0,0.0,2,1,15,2,0
5411529,283833,2005,206,-120.2533,45.836000000000006,115299,1,1,0.0,106.36961399999998,98.923741,165.89511399999995,6.924662,0.265116,1.009022,0.0,0.0,2,1,15,1,0
5411530,283834,2005,206,-120.2502,45.8366,115299,2,2,62500.0,384.11872200000005,345.70685,579.750387,24.199479,0.926494,3.52621,0.0,0.0,2,1,15,2,0
5411531,283835,2005,206,-120.24700000000001,45.8371,115299,1,1,62500.0,140.21958600000002,130.404215,218.687869,9.128295,0.349483,1.330123,0.0,0.0,2,1,15,2,0
5411532,283836,2005,205,-120.2439,45.8377,115299,1,1,62500.0,147.95352,137.596774,230.749789,9.631774,0.368759,1.4034870000000002,0.0,0.0,2,1,15,2,0
5411533,283837,2005,205,-120.2408,45.8383,115299,2,2,62500.0,399.922848,359.930563,603.603554,25.195139,0.964614,3.671292,0.0,0.0,2,1,15,2,0
5411534,283838,2005,205,-120.2377,45.8388,115299,1,1,62500.0,155.79953999999995,144.893572,242.986521,10.14255,0.388315,1.477914,0.0,0.0,2,1,15,2,0
5411535,283839,2005,205,-120.2346,45.8394,115299,1,1,62500.0,118.138644,109.86893899999998,184.250211,7.690825999999999,0.294449,1.120663,0.0,0.0,2,1,15,2,0
5411536,283840,2005,205,-120.2315,45.84,115299,1,1,62500.0,96.057702,89.333663,149.812553,6.253356,0.239414,0.911203,0.0,0.0,2,1,15,2,0
5411537,283841,2005,205,-120.2284,45.8406,115299,1,1,62500.0,106.145442,98.715261,165.545493,6.910067999999999,0.26455700000000004,1.006896,0.0,0.0,2,1,15,2,0
5411603,283907,2005,206,-120.2603,45.836999999999996,115299,1,1,62500.0,164.542248,153.024291,256.621735,10.7117,0.410105,1.560848,0.0,0.0,2,1,15,2,0
5411604,283908,2005,206,-120.2572,45.8376,115299,1,1,62500.0,134.166942,124.775256,209.248104,8.734268,0.33439800000000003,1.272708,0.0,0.0,2,1,15,2,0
5411605,283909,2005,206,-120.2541,45.8382,115299,2,2,62500.0,351.725868,316.553281,530.859853,22.15873,0.8483629999999999,3.228843,0.0,0.0,2,1,15,2,0
5411606,283910,2005,206,-120.251,45.8388,115299,1,1,62500.0,155.463282,144.580852,242.462089,10.12066,0.387477,1.474725,0.0,0.0,2,1,15,2,0
5411607,283911,2005,206,-120.2479,45.8393,115299,2,2,62500.0,421.107102,378.996392,635.576949,26.529747,1.01571,3.865763,0.0,0.0,2,1,15,2,0
5411608,283912,2005,206,-120.2447,45.8399,115299,1,1,62500.0,150.643584,140.098533,234.94524,9.806897,0.375464,1.429005,0.0,0.0,2,1,15,2,0
5411609,283913,2005,205,-120.2416,45.8405,115299,2,2,0.0,401.940396,361.746356,606.64864,25.322245,0.96948,3.689813,0.0,0.0,2,1,15,1,0
5411610,283914,2005,205,-120.2385,45.841,115299,1,1,62500.0,134.727372,125.296456,210.122157,8.770752,0.33579499999999995,1.278024,0.0,0.0,2,1,15,2,0
5411611,283915,2005,205,-120.2354,45.8416,115299,1,1,62500.0,103.231206,96.005022,161.000421,6.720352,0.257293,0.979251,0.0,0.0,2,1,15,2,0
5411612,283916,2005,205,-120.2323,45.8422,115299,2,2,62500.0,319.333014,287.399713,481.969318,20.11798,0.770231,2.931477,0.0,0.0,2,1,15,2,0
5411613,283917,2005,205,-120.2292,45.8427,115299,2,2,62500.0,496.765152,447.088637,749.767644,31.296205,1.198198,4.560304,0.0,0.0,2,1,15,2,0
5411679,283983,2005,206,-120.2611,45.8392,115760,1,1,62500.0,164.87850600000004,153.33701100000005,257.146167,10.733591,0.410943,1.5640379999999998,0.0,0.0,2,1,15,2,0
5411680,283984,2005,206,-120.258,45.8398,115760,1,1,62500.0,163.981818,152.50309099999996,255.747683,10.675216,0.408708,1.555532,0.0,0.0,2,1,15,2,0
5411681,283985,2005,206,-120.2518,45.8409,115760,1,1,62500.0,146.720574,136.45013400000002,228.82687400000003,9.551509,0.365686,1.391791,0.0,0.0,2,1,15,2,0
5411682,283986,2005,206,-120.2487,45.8415,115760,1,1,62500.0,155.79953999999995,144.893572,242.986521,10.14255,0.388315,1.477914,0.0,0.0,2,1,15,2,0
5411683,283987,2005,206,-120.2456,45.8421,115760,1,1,62500.0,147.617262,137.284054,230.225358,9.609884,0.367921,1.400297,0.0,0.0,2,1,15,2,0
5411684,283988,2005,205,-120.2424,45.8426,115760,1,1,62500.0,153.669906,142.91301299999995,239.66512200000003,10.003911,0.383007,1.4577129999999998,0.0,0.0,2,1,15,2,0
5411685,283989,2005,205,-120.2393,45.8432,115760,1,1,62500.0,124.303374,115.60213799999998,193.864785,8.09215,0.309814,1.179142,0.0,0.0,2,1,15,2,0
5411686,283990,2005,205,-120.2362,45.8438,115760,1,1,62500.0,84.400758,78.492705,131.632266,5.494489,0.21036,0.8006260000000001,0.0,0.0,2,1,15,2,0
5411687,283991,2005,205,-120.2331,45.8443,115760,2,2,62500.0,328.748238,295.873414,496.179716,20.711139000000006,0.792941,3.017909,0.0,0.0,2,1,15,2,0
5411688,283992,2005,205,-120.23,45.8449,115760,1,1,62500.0,113.879376,105.90782,177.60741399999995,7.413547,0.283833,1.08026,0.0,0.0,2,1,15,2,0
5411751,284055,2005,206,-120.2588,45.842,115760,1,1,62500.0,160.731324,149.480131,250.67818,10.463609,0.400607,1.524697,0.0,0.0,2,1,15,2,0
5411752,284056,2005,206,-120.2526,45.8431,115760,2,2,0.0,342.98316,308.684844,517.664483,21.607939,0.827275,3.148585,0.0,0.0,2,1,15,1,0
5411753,284057,2005,206,-120.2495,45.8437,115760,0,0,62500.0,0.0,0.0,0.0,0.0,0.0,0.0,0.0,0.0,2,1,15,2,0
5411754,284058,2005,206,-120.2464,45.8442,115760,2,2,0.0,388.826334,349.943701,586.855586,24.496059,0.937849,3.569426,0.0,0.0,2,1,15,1,0
5411755,284059,2005,205,-120.2433,45.8448,115760,82,0,62500.0,0.0,0.0,0.0,0.0,0.0,0.0,0.0,0.0,2,1,15,2,0
5411756,284060,2005,205,-120.2401,45.8454,115760,1,1,62500.0,130.01976000000002,120.918377,202.780118,8.464286,0.324061,1.233367,0.0,0.0,2,1,15,2,0
5411757,284061,2005,205,-120.23700000000001,45.846000000000004,115760,1,1,62500.0,90.453402,84.121664,141.07203,5.888516,0.225446,0.8580409999999999,0.0,0.0,2,1,15,2,0
5411758,284062,2005,205,-120.2339,45.8465,115760,2,2,62500.0,131.58896399999998,118.430068,198.607223,8.290105,0.317393,1.207987,0.0,0.0,2,1,15,2,0
5411820,284124,2005,206,-120.2503,45.8459,115760,1,1,62500.0,123.967116,115.289418,193.340354,8.070259,0.30897600000000003,1.175952,0.0,0.0,2,1,15,2,0
5411821,284125,2005,206,-120.2472,45.8464,115760,2,2,62500.0,400.931622,360.83846,605.126097,25.258692,0.967047,3.680552,0.0,0.0,2,1,15,2,0
5411822,284126,2005,205,-120.2441,45.847,115760,82,0,62500.0,0.0,0.0,0.0,0.0,0.0,0.0,0.0,0.0,2,1,15,2,0
5411823,284127,2005,205,-120.241,45.8476,115760,1,1,62500.0,129.235158,120.188697,201.556445,8.413209,0.322106,1.225925,0.0,0.0,2,1,15,2,0
5411824,284128,2005,205,-120.2378,45.8481,115760,2,2,62500.0,445.429764,400.886788,672.287143,28.062075,1.074377,4.089045,0.0,0.0,2,1,15,2,0
5411888,284192,2005,206,-120.2511,45.848,115760,2,2,0.0,131.028534,117.925681,197.761366,8.254798,0.316041,1.202842,0.0,0.0,2,1,15,1,0
5411889,284193,2005,206,-120.24799999999999,45.8486,115760,1,1,62500.0,121.389138,112.891898,189.319714,7.902433,0.30255,1.151497,0.0,0.0,2,1,15,2,0
5411890,284194,2005,206,-120.2449,45.8492,115760,82,0,62500.0,0.0,0.0,0.0,0.0,0.0,0.0,0.0,0.0,2,1,15,2,0
5411891,284195,2005,205,-120.2418,45.8497,115760,0,0,62500.0,0.0,0.0,0.0,0.0,0.0,0.0,0.0,0.0,2,1,15,2,0
5411892,284196,2005,205,-120.2387,45.8503,115760,1,1,62500.0,99.980712,92.982062,155.930918,6.508744,0.249192,0.948417,0.0,0.0,2,1,81,2,0
5411956,284260,2005,206,-120.2519,45.8502,115760,1,1,62500.0,138.650382,128.94485500000002,216.24052200000003,9.02614,0.345572,1.315238,0.0,0.0,2,1,15,2,0
5411957,284261,2005,206,-120.2488,45.8508,115760,1,1,62500.0,140.443758,130.612695,219.037489,9.142889,0.350042,1.332249,0.0,0.0,2,1,81,2,0
5411958,284262,2005,206,-120.2457,45.8514,115760,82,0,62500.0,0.0,0.0,0.0,0.0,0.0,0.0,0.0,0.0,2,1,81,2,0
5411959,284263,2005,205,-120.2426,45.8519,115760,1,1,62500.0,147.39309,137.075574,229.875737,9.59529,0.367363,1.3981709999999998,0.0,0.0,2,1,81,2,0
5411960,284264,2005,205,-120.2395,45.8525,115760,2,2,62500.0,158.153346,142.33801100000005,238.700845,9.963661,0.381466,1.451848,0.0,0.0,2,1,81,2,0
5412026,284330,2005,206,-120.2465,45.8535,115760,1,1,62500.0,147.056832,136.762854,229.351306,9.5734,0.366524,1.394981,0.0,0.0,2,1,81,2,0
5412027,284331,2005,205,-120.2434,45.8541,115760,1,1,62500.0,137.97786599999998,128.319415,215.19166,8.982358999999997,0.343896,1.308858,0.0,0.0,2,1,81,2,0
5412028,284332,2005,205,-120.2403,45.8547,115760,2,2,62500.0,116.905698,105.215128,176.44576999999995,7.365059,0.281977,1.073194,0.0,0.0,2,1,81,2,0
5412088,284392,2005,206,-120.2473,45.8557,115760,1,1,62500.0,133.270254,123.941336,207.849621,8.675894,0.332163,1.264202,0.0,0.0,2,1,81,2,0
5412089,284393,2005,205,-120.2442,45.8563,115760,1,1,62500.0,112.534344,104.65694,175.50968799999995,7.325986,0.280481,1.067501,0.0,0.0,2,1,81,2,0
5412153,284457,2005,206,-120.2481,45.8579,115760,1,1,62500.0,137.30535,127.693976,214.14279700000003,8.938578,0.34222,1.3024790000000002,0.0,0.0,2,1,81,2,0
5449052,321356,2005,205,-120.2115,45.7642,115299,1,1,62500.0,125.760492,116.957258,196.137321,8.187008,0.313445,1.192964,0.0,0.0,2,3,81,2,1
5449053,321357,2005,205,-120.2115,45.7642,115299,1,1,0.0,125.760492,116.957258,196.137321,8.187008,0.313445,1.192964,0.0,0.0,2,3,81,1,1
5449054,321358,2005,205,-120.2084,45.7647,115299,1,1,0.0,114.663978,106.6375,178.83108700000003,7.464625,0.285788,1.087702,0.0,0.0,2,3,81,1,1
5449055,321359,2005,205,-120.2084,45.7647,115299,1,1,62500.0,114.663978,106.6375,178.83108700000003,7.464625,0.285788,1.087702,0.0,0.0,2,3,81,2,1
5449056,321360,2005,205,-120.2053,45.7653,115299,2,2,62500.0,256.67694,231.009246,387.402506,16.170647,0.619105,2.356294,0.0,0.0,2,3,81,2,1
5449057,321361,2005,205,-120.2053,45.7653,115299,2,2,62500.0,256.67694,231.009246,387.402506,16.170647,0.619105,2.356294,0.0,0.0,2,3,81,3,1
5449059,321363,2005,205,-120.2216,45.7647,115299,1,1,62500.0,148.738122,138.326453,231.973462,9.682852,0.370715,1.41093,0.0,0.0,2,3,81,2,1
5449060,321364,2005,205,-120.2216,45.7647,115299,1,1,62500.0,148.738122,138.326453,231.973462,9.682852,0.370715,1.41093,0.0,0.0,2,3,81,3,1
5449061,321365,2005,205,-120.2185,45.7652,115299,2,2,62500.0,389.49885,350.548965,587.8706139999998,24.538428,0.939471,3.575599,0.0,0.0,2,3,81,2,1
5449062,321366,2005,205,-120.2185,45.7652,115299,2,2,62500.0,389.49885,350.548965,587.8706139999998,24.538428,0.939471,3.575599,0.0,0.0,2,3,81,2,1
5449063,321367,2005,205,-120.2154,45.7658,115299,1,1,0.0,131.70105,122.481976,205.402275,8.573738,0.328252,1.249316,0.0,0.0,2,3,81,1,1
5449064,321368,2005,205,-120.2154,45.7658,115299,1,1,62500.0,131.70105,122.481976,205.402275,8.573738,0.328252,1.249316,0.0,0.0,2,3,81,2,1
5449065,321369,2005,205,-120.2123,45.7664,115299,2,2,62500.0,369.211284,332.290156,557.250591,23.260311,0.8905379999999999,3.38936,0.0,0.0,2,3,81,2,1
5449066,321370,2005,205,-120.2123,45.7664,115299,2,2,62500.0,369.211284,332.290156,557.250591,23.260311,0.8905379999999999,3.38936,0.0,0.0,2,3,81,2,1
5449067,321371,2005,205,-120.2092,45.7669,115299,1,1,0.0,121.949568,113.413098,190.193766,7.938917,0.303947,1.156814,0.0,0.0,2,3,81,1,1
5449068,321372,2005,205,-120.2092,45.7669,115299,1,1,62500.0,121.949568,113.413098,190.193766,7.938917,0.303947,1.156814,0.0,0.0,2,3,81,2,1
5449069,321373,2005,205,-120.2061,45.7675,115299,2,2,62500.0,461.121804,415.009624,695.971139,29.050674,1.112226,4.233098,0.0,0.0,2,3,81,2,1
5449070,321374,2005,205,-120.2061,45.7675,115299,2,2,62500.0,461.121804,415.009624,695.971139,29.050674,1.112226,4.233098,0.0,0.0,2,3,81,4,1
5449072,321376,2005,205,-120.2224,45.7668,115299,1,1,62500.0,163.981818,152.50309099999996,255.747683,10.675216,0.408708,1.555532,0.0,0.0,2,3,81,3,1
5449073,321377,2005,205,-120.2224,45.7668,115299,1,1,62500.0,163.981818,152.50309099999996,255.747683,10.675216,0.408708,1.555532,0.0,0.0,2,3,81,4,1
5449074,321378,2005,205,-120.2193,45.7674,115299,1,1,62500.0,121.725396,113.204618,189.844145,7.9243229999999985,0.303388,1.154687,0.0,0.0,2,3,81,2,1
5449075,321379,2005,205,-120.2193,45.7674,115299,1,1,62500.0,121.725396,113.204618,189.844145,7.9243229999999985,0.303388,1.154687,0.0,0.0,2,3,81,2,1
5449076,321380,2005,205,-120.2162,45.768,115299,2,2,0.0,354.079674,318.671707,534.4124519999998,22.307019,0.8540399999999999,3.250451,0.0,0.0,2,3,81,1,1
5449077,321381,2005,205,-120.2162,45.768,115299,2,2,62500.0,354.079674,318.671707,534.4124519999998,22.307019,0.8540399999999999,3.250451,0.0,0.0,2,3,81,3,1
5449078,321382,2005,205,-120.2131,45.7685,115299,1,1,62500.0,123.967116,115.289418,193.340354,8.070259,0.30897600000000003,1.175952,0.0,0.0,2,3,81,2,1
5449079,321383,2005,205,-120.2131,45.7685,115299,1,1,62500.0,123.967116,115.289418,193.340354,8.070259,0.30897600000000003,1.175952,0.0,0.0,2,3,81,2,1
5449080,321384,2005,205,-120.21,45.7691,115299,2,2,0.0,364.952016,328.456814,550.822078,22.991977,0.8802639999999999,3.35026,0.0,0.0,2,3,81,1,1
5449081,321385,2005,205,-120.21,45.7691,115299,2,2,62500.0,364.952016,328.456814,550.822078,22.991977,0.8802639999999999,3.35026,0.0,0.0,2,3,81,2,1
5449082,321386,2005,205,-120.2069,45.7697,115299,2,2,62500.0,308.4606720000001,277.614605,465.559692,19.433022,0.744007,2.831669,0.0,0.0,2,3,81,3,1
5449083,321387,2005,205,-120.2069,45.7697,115299,2,2,62500.0,308.4606720000001,277.614605,465.559692,19.433022,0.744007,2.831669,0.0,0.0,2,3,81,2,1
5449084,321388,2005,205,-120.2232,45.769,115299,2,2,62500.0,399.02616,359.123544,602.250183,25.138648,0.962451,3.66306,0.0,0.0,2,3,81,2,1
5449085,321389,2005,205,-120.2232,45.769,115299,2,2,62500.0,399.02616,359.123544,602.250183,25.138648,0.962451,3.66306,0.0,0.0,2,3,81,2,1
5449086,321390,2005,205,-120.2201,45.7696,115299,1,1,0.0,139.434984,129.67453500000002,217.464195,9.077217,0.347528,1.32268,0.0,0.0,2,3,81,1,1
5449087,321391,2005,205,-120.2201,45.7696,115299,1,1,62500.0,139.434984,129.67453500000002,217.464195,9.077217,0.347528,1.32268,0.0,0.0,2,3,81,2,1
5449088,321392,2005,205,-120.21700000000001,45.7701,115299,2,2,62500.0,383.446206,345.101585,578.735359,24.157111,0.924872,3.520036,0.0,0.0,2,3,81,2,1
5449089,321393,2005,205,-120.21700000000001,45.7701,115299,2,2,62500.0,383.446206,345.101585,578.735359,24.157111,0.924872,3.520036,0.0,0.0,2,3,81,2,1
5449090,321394,2005,205,-120.2139,45.7707,115299,1,1,62500.0,122.958342,114.351258,191.76706,8.004588,0.30646100000000004,1.166383,0.0,0.0,2,3,81,2,1
5449091,321395,2005,205,-120.2139,45.7707,115299,1,1,62500.0,122.958342,114.351258,191.76706,8.004588,0.30646100000000004,1.166383,0.0,0.0,2,3,81,2,1
5449092,321396,2005,205,-120.2108,45.7713,115299,1,1,62500.0,133.718598,124.358296,208.548863,8.705081,0.33328,1.268455,0.0,0.0,2,3,81,2,1
5449093,321397,2005,205,-120.2108,45.7713,115299,1,1,0.0,133.718598,124.358296,208.548863,8.705081,0.33328,1.268455,0.0,0.0,2,3,81,1,1
5449094,321398,2005,205,-120.2077,45.7719,115299,1,1,62500.0,36.652122,34.086473,57.163016000000006,2.386053,0.091352,0.347682,0.0,0.0,2,3,81,2,1
5449095,321399,2005,205,-120.2077,45.7719,115299,1,1,62500.0,36.652122,34.086473,57.163016000000006,2.386053,0.091352,0.347682,0.0,0.0,2,3,81,3,1
5449096,321400,2005,205,-120.2046,45.7724,115299,2,2,62500.0,258.246144,232.42153,389.770905,16.269507,0.6228899999999999,2.3707,0.0,0.0,2,3,81,3,1
5449097,321401,2005,205,-120.2046,45.7724,115299,2,2,62500.0,258.246144,232.42153,389.770905,16.269507,0.6228899999999999,2.3707,0.0,0.0,2,3,81,3,1
5449100,321404,2005,205,-120.22399999999999,45.7712,115299,1,1,62500.0,142.125048,132.17629499999998,221.659646,9.252341,0.354232,1.348198,0.0,0.0,2,3,81,3,1
5449101,321405,2005,205,-120.22399999999999,45.7712,115299,1,1,0.0,142.125048,132.17629499999998,221.659646,9.252341,0.354232,1.348198,0.0,0.0,2,3,81,1,1
5449102,321406,2005,205,-120.2209,45.7718,115299,2,2,62500.0,368.090424,331.281382,555.5588769999998,23.189697,0.887834,3.37907,0.0,0.0,2,3,81,4,1
5449103,321407,2005,205,-120.2209,45.7718,115299,2,2,62500.0,368.090424,331.281382,555.5588769999998,23.189697,0.887834,3.37907,0.0,0.0,2,3,81,2,1
5449104,321408,2005,205,-120.2178,45.7723,115299,1,1,62500.0,124.079202,115.393658,193.515164,8.077556,0.309255,1.177015,0.0,0.0,2,3,81,2,1
5449105,321409,2005,205,-120.2178,45.7723,115299,1,1,62500.0,124.079202,115.393658,193.515164,8.077556,0.309255,1.177015,0.0,0.0,2,3,81,2,1
5449106,321410,2005,205,-120.2147,45.7729,115299,2,2,62500.0,371.116746,334.005071,560.126505,23.380355,0.895134,3.406852,0.0,0.0,2,3,81,2,1
5449107,321411,2005,205,-120.2147,45.7729,115299,2,2,62500.0,371.116746,334.005071,560.126505,23.380355,0.895134,3.406852,0.0,0.0,2,3,81,4,1
5449108,321412,2005,205,-120.2116,45.7735,115299,1,1,62500.0,123.85503,115.185178,193.165543,8.062961999999999,0.308696,1.174889,0.0,0.0,2,3,81,2,1
5449109,321413,2005,205,-120.2116,45.7735,115299,1,1,62500.0,123.85503,115.185178,193.165543,8.062961999999999,0.308696,1.174889,0.0,0.0,2,3,81,2,1
5449110,321414,2005,205,-120.2085,45.773999999999994,115299,1,1,62500.0,103.455378,96.213502,161.350042,6.734945,0.257852,0.981378,0.0,0.0,2,3,81,2,1
5449111,321415,2005,205,-120.2085,45.773999999999994,115299,1,1,0.0,103.455378,96.213502,161.350042,6.734945,0.257852,0.981378,0.0,0.0,2,3,81,1,1
5449112,321416,2005,205,-120.2054,45.7746,115299,2,2,62500.0,283.353408,255.018067,427.665299,17.851264999999994,0.6834479999999999,2.601184,0.0,0.0,2,3,81,2,1
5449113,321417,2005,205,-120.2054,45.7746,115299,2,2,62500.0,283.353408,255.018067,427.665299,17.851264999999994,0.6834479999999999,2.601184,0.0,0.0,2,3,81,3,1
5449115,321419,2005,205,-120.2248,45.7734,115299,1,1,62500.0,136.296576,126.755816,212.569503,8.872907000000003,0.339706,1.292909,0.0,0.0,2,3,81,2,1
5449116,321420,2005,205,-120.2248,45.7734,115299,1,1,62500.0,136.296576,126.755816,212.569503,8.872907000000003,0.339706,1.292909,0.0,0.0,2,3,81,2,1
5449117,321421,2005,205,-120.2217,45.7739,115299,1,1,0.0,142.685478,132.697495,222.533698,9.288825,0.355629,1.353514,0.0,0.0,2,3,81,1,1
5449118,321422,2005,205,-120.2217,45.7739,115299,1,1,62500.0,142.685478,132.697495,222.533698,9.288825,0.355629,1.353514,0.0,0.0,2,3,81,2,1
5449119,321423,2005,205,-120.2186,45.7745,115299,1,1,0.0,145.7118,135.511974,227.25358,9.485838,0.363172,1.3822219999999998,0.0,0.0,2,3,81,1,1
5449120,321424,2005,205,-120.2186,45.7745,115299,1,1,62500.0,145.7118,135.511974,227.25358,9.485838,0.363172,1.3822219999999998,0.0,0.0,2,3,81,2,1
5449121,321425,2005,205,-120.2155,45.7751,115299,2,2,62500.0,363.046554,326.7418990000001,547.946164,22.871933,0.875668,3.332767,0.0,0.0,2,3,81,2,1
5449122,321426,2005,205,-120.2155,45.7751,115299,2,2,0.0,363.046554,326.7418990000001,547.946164,22.871933,0.875668,3.332767,0.0,0.0,2,3,81,1,1
5449123,321427,2005,205,-120.2124,45.7756,115299,1,1,62500.0,102.110346,94.962622,159.252317,6.647384,0.2545,0.968619,0.0,0.0,2,3,81,2,1
5449124,321428,2005,205,-120.2124,45.7756,115299,1,1,62500.0,102.110346,94.962622,159.252317,6.647384,0.2545,0.968619,0.0,0.0,2,3,81,2,1
5449125,321429,2005,205,-120.2093,45.7762,115299,1,1,62500.0,117.017784,108.826539,182.502106,7.617858,0.291655,1.110031,0.0,0.0,2,3,81,2,1
5449126,321430,2005,205,-120.2093,45.7762,115299,1,1,62500.0,117.017784,108.826539,182.502106,7.617858,0.291655,1.110031,0.0,0.0,2,3,81,2,1
5449127,321431,2005,205,-120.2062,45.7768,115299,1,1,62500.0,118.81116000000002,110.494379,185.299073,7.734607,0.296125,1.127043,0.0,0.0,2,3,81,2,1
5449128,321432,2005,205,-120.2062,45.7768,115299,1,1,62500.0,118.81116000000002,110.494379,185.299073,7.734607,0.296125,1.127043,0.0,0.0,2,3,81,2,1
5449129,321433,2005,205,-120.2031,45.7773,115299,2,2,62500.0,422.676306,380.408675,637.9453490000002,26.628607,1.019495,3.880168,0.0,0.0,2,3,81,2,1
5449130,321434,2005,205,-120.2031,45.7773,115299,2,2,62500.0,422.676306,380.408675,637.9453490000002,26.628607,1.019495,3.880168,0.0,0.0,2,3,81,2,1
5449132,321436,2005,205,-120.2225,45.7761,115299,1,1,0.0,151.540272,140.932453,236.343724,9.865272,0.377699,1.437511,0.0,0.0,2,3,81,1,1
5449133,321437,2005,205,-120.2225,45.7761,115299,1,1,62500.0,151.540272,140.932453,236.343724,9.865272,0.377699,1.437511,0.0,0.0,2,3,81,2,1
5449134,321438,2005,205,-120.2194,45.7767,115299,1,1,62500.0,170.93115,158.965969,266.585931,11.127618,0.426029,1.621453,0.0,0.0,2,3,81,2,1
5449135,321439,2005,205,-120.2194,45.7767,115299,1,1,0.0,170.93115,158.965969,266.585931,11.127618,0.426029,1.621453,0.0,0.0,2,3,81,1,1
5449136,321440,2005,205,-120.2163,45.7773,115299,1,1,0.0,145.26345600000005,135.095014,226.55433900000003,9.456651,0.362055,1.377969,0.0,0.0,2,3,15,1,1
5449137,321441,2005,205,-120.2163,45.7773,115299,1,1,62500.0,145.26345600000005,135.095014,226.55433900000003,9.456651,0.362055,1.377969,0.0,0.0,2,3,15,2,1
5449138,321442,2005,205,-120.2132,45.7778,115299,1,1,62500.0,142.237134,132.280535,221.834457,9.259637,0.354512,1.349261,0.0,0.0,2,3,15,2,1
5449139,321443,2005,205,-120.2132,45.7778,115299,1,1,0.0,142.237134,132.280535,221.834457,9.259637,0.354512,1.349261,0.0,0.0,2,3,15,1,1
5449140,321444,2005,205,-120.2101,45.7784,115299,2,2,62500.0,372.910122,335.6191100000001,562.833247,23.493338,0.899459,3.423315,0.0,0.0,2,3,15,3,1
5449141,321445,2005,205,-120.2101,45.7784,115299,2,2,62500.0,372.910122,335.6191100000001,562.833247,23.493338,0.899459,3.423315,0.0,0.0,2,3,15,3,1
5449142,321446,2005,205,-120.20700000000001,45.778999999999996,115299,2,2,62500.0,355.088448,319.579603,535.9349950000002,22.370572,0.8564729999999999,3.259712,0.0,0.0,2,3,15,2,1
5449143,321447,2005,205,-120.20700000000001,45.778999999999996,115299,2,2,0.0,355.088448,319.579603,535.9349950000002,22.370572,0.8564729999999999,3.259712,0.0,0.0,2,3,15,1,1
5449144,321448,2005,205,-120.2039,45.7795,115299,1,1,62500.0,62.09564399999999,57.748949,96.844987,4.042426,0.15476700000000002,0.589039,0.0,0.0,2,3,15,2,1
5449145,321449,2005,205,-120.2039,45.7795,115299,1,1,62500.0,62.09564399999999,57.748949,96.844987,4.042426,0.15476700000000002,0.589039,0.0,0.0,2,3,15,2,1
5449146,321450,2005,205,-120.2008,45.7801,115299,2,2,62500.0,267.437196,240.693476,403.64296,16.848543,0.645059,2.455073,0.0,0.0,2,3,15,2,1
5449147,321451,2005,205,-120.2008,45.7801,115299,2,2,62500.0,267.437196,240.693476,403.64296,16.848543,0.645059,2.455073,0.0,0.0,2,3,15,2,1
5449148,321452,2005,205,-120.2234,45.7783,115299,1,1,62500.0,179.3376,166.783968,279.696714,11.674878,0.446981,1.701196,0.0,0.0,2,3,15,3,1
5449149,321453,2005,205,-120.2234,45.7783,115299,1,1,62500.0,179.3376,166.783968,279.696714,11.674878,0.446981,1.701196,0.0,0.0,2,3,15,2,1
5449150,321454,2005,205,-120.2202,45.7789,115299,1,1,0.0,184.493556,171.57900700000005,287.737995,12.01053,0.459832,1.7501060000000002,0.0,0.0,2,3,15,1,1
5449151,321455,2005,205,-120.2202,45.7789,115299,1,1,62500.0,184.493556,171.57900700000005,287.737995,12.01053,0.459832,1.7501060000000002,0.0,0.0,2,3,15,2,1
5449152,321456,2005,205,-120.2171,45.7794,115299,1,1,62500.0,159.72255,148.541972,249.104886,10.397938,0.398092,1.515128,0.0,0.0,2,3,15,2,0
5449153,321457,2005,205,-120.2171,45.7794,115299,1,1,62500.0,159.72255,148.541972,249.104886,10.397938,0.398092,1.515128,0.0,0.0,2,3,15,2,0
5449154,321458,2005,205,-120.214,45.78,115299,2,2,62500.0,361.253178,325.12786,545.239422,22.75895,0.871343,3.316304,0.0,0.0,2,3,15,3,0
5449155,321459,2005,205,-120.214,45.78,115299,2,2,62500.0,361.253178,325.12786,545.239422,22.75895,0.871343,3.316304,0.0,0.0,2,3,15,2,0
5449156,321460,2005,205,-120.1954,45.7834,115299,1,1,62500.0,110.292624,102.57214,172.013479,7.18005,0.274893,1.0462360000000002,0.0,0.0,2,3,15,2,1
5449157,321461,2005,205,-120.1954,45.7834,115299,1,1,0.0,110.292624,102.57214,172.013479,7.18005,0.274893,1.0462360000000002,0.0,0.0,2,3,15,1,1
5449159,321463,2005,205,-120.2211,45.781000000000006,115299,1,1,62500.0,179.673858,167.096688,280.221146,11.696768,0.447819,1.704386,0.0,0.0,2,3,15,2,1
5449160,321464,2005,205,-120.2211,45.781000000000006,115299,1,1,62500.0,179.673858,167.096688,280.221146,11.696768,0.447819,1.704386,0.0,0.0,2,3,15,3,1
5449161,321465,2005,205,-120.2179,45.7816,115299,1,1,62500.0,150.41941200000005,139.890053,234.595619,9.792304,0.374905,1.426879,0.0,0.0,2,3,15,2,0
5449162,321466,2005,205,-120.2179,45.7816,115299,1,1,62500.0,150.41941200000005,139.890053,234.595619,9.792304,0.374905,1.426879,0.0,0.0,2,3,15,2,0
5449163,321467,2005,205,-120.1993,45.785,115299,2,2,62500.0,146.83266,132.149394,221.614534,9.250458,0.35416,1.347924,0.0,0.0,2,3,15,2,1
5449164,321468,2005,205,-120.1993,45.785,115299,2,2,62500.0,146.83266,132.149394,221.614534,9.250458,0.35416,1.347924,0.0,0.0,2,3,15,2,1
5449165,321469,2005,205,-120.1962,45.7856,115299,1,1,62500.0,96.95439,90.167583,151.211036,6.311731,0.241649,0.919709,0.0,0.0,2,3,15,2,1
5449166,321470,2005,205,-120.1962,45.7856,115299,1,1,62500.0,96.95439,90.167583,151.211036,6.311731,0.241649,0.919709,0.0,0.0,2,3,15,4,1
5449167,321471,2005,205,-120.1931,45.7861,115299,2,2,62500.0,400.371192,360.334073,604.28024,25.223385,0.965695,3.675408,0.0,0.0,2,3,15,2,1
5449168,321472,2005,205,-120.1931,45.7861,115299,2,2,62500.0,400.371192,360.334073,604.28024,25.223385,0.965695,3.675408,0.0,0.0,2,3,15,2,1
5449176,321480,2005,205,-120.197,45.7878,115299,2,2,62500.0,129.683502,116.715152,195.73131,8.170061,0.312797,1.190495,0.0,0.0,2,3,15,2,1
5449177,321481,2005,205,-120.197,45.7878,115299,2,2,62500.0,129.683502,116.715152,195.73131,8.170061,0.312797,1.190495,0.0,0.0,2,3,15,3,1
5449178,321482,2005,205,-120.1939,45.7883,115299,1,1,62500.0,127.665954,118.72933700000002,199.109099,8.311053999999999,0.318195,1.211039,0.0,0.0,2,3,15,2,1
5449179,321483,2005,205,-120.1939,45.7883,115299,1,1,62500.0,127.665954,118.72933700000002,199.109099,8.311053999999999,0.318195,1.211039,0.0,0.0,2,3,15,2,1
5449180,321484,2005,205,-120.1908,45.7889,115299,1,1,62500.0,164.87850600000004,153.33701100000005,257.146167,10.733591,0.410943,1.5640379999999998,0.0,0.0,2,3,81,2,1
5449181,321485,2005,205,-120.1908,45.7889,115299,1,1,0.0,164.87850600000004,153.33701100000005,257.146167,10.733591,0.410943,1.5640379999999998,0.0,0.0,2,3,81,1,1
5449188,321492,2005,205,-120.1916,45.7911,115299,0,0,0.0,0.0,0.0,0.0,0.0,0.0,0.0,0.0,0.0,2,3,15,0,0
5449189,321493,2005,205,-120.1916,45.7911,115299,0,0,0.0,0.0,0.0,0.0,0.0,0.0,0.0,0.0,0.0,2,3,15,0,0
5449197,321501,2005,205,-120.1924,45.7932,115299,1,1,62500.0,152.885304,142.183333,238.44144900000003,9.952833,0.381051,1.4502700000000002,0.0,0.0,2,3,15,2,1
5449198,321502,2005,205,-120.1924,45.7932,115299,1,1,0.0,152.885304,142.183333,238.44144900000003,9.952833,0.381051,1.4502700000000002,0.0,0.0,2,3,15,1,1
5449216,321520,2005,205,-120.2259,45.7941,115299,1,1,62500.0,180.01011599999995,167.409408,280.745577,11.718659,0.448657,1.7075759999999998,0.0,0.0,2,3,15,3,0
5449217,321521,2005,205,-120.2259,45.7941,115299,1,1,62500.0,180.01011599999995,167.409408,280.745577,11.718659,0.448657,1.7075759999999998,0.0,0.0,2,3,15,4,0
5449224,321528,2005,205,-120.2283,45.8006,115299,1,1,62500.0,184.493556,171.57900700000005,287.737995,12.01053,0.459832,1.7501060000000002,0.0,0.0,2,3,15,2,0
5449225,321529,2005,205,-120.2283,45.8006,115299,1,1,62500.0,184.493556,171.57900700000005,287.737995,12.01053,0.459832,1.7501060000000002,0.0,0.0,2,3,15,2,0
5449246,321550,2005,205,-120.2347,45.8088,115299,1,1,62500.0,165.551022,153.96245,258.195029,10.777372,0.412619,1.570417,0.0,0.0,2,3,15,2,0
5449247,321551,2005,205,-120.2347,45.8088,115299,1,1,62500.0,165.551022,153.96245,258.195029,10.777372,0.412619,1.570417,0.0,0.0,2,3,15,2,0
5449251,321555,2005,205,-120.2435,45.8235,115299,1,1,62500.0,105.92127,98.506781,165.195872,6.895475,0.263998,1.004769,0.0,0.0,2,3,15,2,0
5449252,321556,2005,205,-120.2435,45.8235,115299,1,1,62500.0,105.92127,98.506781,165.195872,6.895475,0.263998,1.004769,0.0,0.0,2,3,15,2,0
5449253,321557,2005,205,-120.2404,45.824,115299,1,1,62500.0,80.253576,74.635826,125.16428,5.224508,0.200024,0.761285,0.0,0.0,2,3,15,2,0
5449254,321558,2005,205,-120.2404,45.824,115299,1,1,62500.0,80.253576,74.635826,125.16428,5.224508,0.200024,0.761285,0.0,0.0,2,3,15,2,0
5449261,321565,2005,205,-120.2258,45.8383,115299,1,1,62500.0,100.541142,93.503262,156.80497,6.545228,0.250589,0.953733,0.0,0.0,2,3,15,2,0
5449262,321566,2005,205,-120.2258,45.8383,115299,1,1,62500.0,100.541142,93.503262,156.80497,6.545228,0.250589,0.953733,0.0,0.0,2,3,15,2,0
5449272,321576,2005,206,-120.2686,45.8375,115759,2,2,62500.0,333.680022,300.31202,503.623257,21.021841,0.804836,3.063183,0.0,0.0,2,3,15,2,1
5449273,321577,2005,206,-120.2686,45.8375,115759,2,2,62500.0,333.680022,300.31202,503.623257,21.021841,0.804836,3.063183,0.0,0.0,2,3,15,2,1
5449274,321578,2005,206,-120.2655,45.8381,115759,2,2,62500.0,558.300366,502.470329,842.642742,35.172923,1.3466200000000002,5.125197,0.0,0.0,2,3,15,2,1
5449275,321579,2005,206,-120.2655,45.8381,115759,2,2,62500.0,558.300366,502.470329,842.642742,35.172923,1.3466200000000002,5.125197,0.0,0.0,2,3,15,4,1
5449276,321580,2005,206,-120.2624,45.8386,115760,1,1,62500.0,164.87850600000004,153.33701100000005,257.146167,10.733591,0.410943,1.5640379999999998,0.0,0.0,2,3,15,2,0
5449277,321581,2005,206,-120.2624,45.8386,115760,1,1,62500.0,164.87850600000004,153.33701100000005,257.146167,10.733591,0.410943,1.5640379999999998,0.0,0.0,2,3,15,2,0
5449280,321584,2005,206,-120.2726,45.8391,115759,1,1,0.0,61.08687,56.810789,95.271693,3.976755,0.152253,0.5794699999999999,0.0,0.0,2,3,15,1,1
5449281,321585,2005,206,-120.2726,45.8391,115759,1,1,62500.0,61.08687,56.810789,95.271693,3.976755,0.152253,0.5794699999999999,0.0,0.0,2,3,15,2,1
5449282,321586,2005,206,-120.2695,45.8397,115759,1,1,62500.0,105.92127,98.506781,165.195872,6.895475,0.263998,1.004769,0.0,0.0,2,3,15,4,1
5449283,321587,2005,206,-120.2695,45.8397,115759,1,1,0.0,105.92127,98.506781,165.195872,6.895475,0.263998,1.004769,0.0,0.0,2,3,15,1,1
5449284,321588,2005,206,-120.2663,45.8402,115759,1,1,0.0,150.979842,140.41125300000002,235.469671,9.828788,0.376302,1.432195,0.0,0.0,2,3,15,1,1
5449285,321589,2005,206,-120.2663,45.8402,115759,1,1,62500.0,150.979842,140.41125300000002,235.469671,9.828788,0.376302,1.432195,0.0,0.0,2,3,15,2,1
5449286,321590,2005,206,-120.2632,45.8408,115760,1,1,62500.0,158.489604,147.395332,247.181971,10.317673,0.395019,1.503432,0.0,0.0,2,3,15,2,0
5449287,321591,2005,206,-120.2632,45.8408,115760,1,1,0.0,158.489604,147.395332,247.181971,10.317673,0.395019,1.503432,0.0,0.0,2,3,15,1,0
5449288,321592,2005,206,-120.2601,45.8414,115760,1,1,62500.0,160.731324,149.480131,250.67818,10.463609,0.400607,1.524697,0.0,0.0,2,3,15,2,0
5449289,321593,2005,206,-120.2601,45.8414,115760,1,1,62500.0,160.731324,149.480131,250.67818,10.463609,0.400607,1.524697,0.0,0.0,2,3,15,2,0
5449290,321594,2005,206,-120.257,45.8419,115760,2,2,62500.0,346.569912,311.912921,523.0779679999998,21.833904,0.8359270000000001,3.181512,0.0,0.0,2,3,15,3,1
5449291,321595,2005,206,-120.257,45.8419,115760,2,2,62500.0,346.569912,311.912921,523.0779679999998,21.833904,0.8359270000000001,3.181512,0.0,0.0,2,3,15,2,1
5449292,321596,2005,206,-120.2765,45.8407,115759,2,2,62500.0,87.53916600000002,78.785249,132.122863,5.514967,0.211144,0.80361,0.0,0.0,2,3,15,2,1
5449293,321597,2005,206,-120.2765,45.8407,115759,2,2,62500.0,87.53916600000002,78.785249,132.122863,5.514967,0.211144,0.80361,0.0,0.0,2,3,15,4,1
5449294,321598,2005,206,-120.2734,45.8413,115759,1,1,62500.0,138.87455400000002,129.153335,216.590143,9.040733,0.346131,1.317364,0.0,0.0,2,3,15,2,1
5449295,321599,2005,206,-120.2734,45.8413,115759,1,1,62500.0,138.87455400000002,129.153335,216.590143,9.040733,0.346131,1.317364,0.0,0.0,2,3,15,2,1
5449296,321600,2005,206,-120.2703,45.8418,115759,1,1,62500.0,149.63481000000004,139.160373,233.371946,9.741226,0.37295,1.419436,0.0,0.0,2,3,15,2,1
5449297,321601,2005,206,-120.2703,45.8418,115759,1,1,0.0,149.63481000000004,139.160373,233.371946,9.741226,0.37295,1.419436,0.0,0.0,2,3,15,1,1
5449298,321602,2005,206,-120.2672,45.8424,115759,2,2,62500.0,158.489604,142.64064399999995,239.208359,9.984845,0.382277,1.454935,0.0,0.0,2,3,15,3,1
5449299,321603,2005,206,-120.2672,45.8424,115759,2,2,0.0,158.489604,142.64064399999995,239.208359,9.984845,0.382277,1.454935,0.0,0.0,2,3,15,1,1
5449300,321604,2005,206,-120.264,45.843,115760,2,2,62500.0,392.301,353.0709,592.099899,24.714963,0.94623,3.6013230000000003,0.0,0.0,2,3,15,2,1
5449301,321605,2005,206,-120.264,45.843,115760,2,2,62500.0,392.301,353.0709,592.099899,24.714963,0.94623,3.6013230000000003,0.0,0.0,2,3,15,2,1
5449302,321606,2005,206,-120.2609,45.8436,115760,1,1,62500.0,158.937948,147.812292,247.881213,10.34686,0.396137,1.507685,0.0,0.0,2,3,15,2,1
5449303,321607,2005,206,-120.2609,45.8436,115760,1,1,62500.0,158.937948,147.812292,247.881213,10.34686,0.396137,1.507685,0.0,0.0,2,3,15,2,1
5449306,321610,2005,206,-120.2742,45.8435,115759,1,1,62500.0,154.902852,144.059652,241.588037,10.084176,0.38608,1.469408,0.0,0.0,2,3,15,2,1
5449307,321611,2005,206,-120.2742,45.8435,115759,1,1,62500.0,154.902852,144.059652,241.588037,10.084176,0.38608,1.469408,0.0,0.0,2,3,15,2,1
5449308,321612,2005,206,-120.2711,45.843999999999994,115759,1,1,62500.0,168.57734399999995,156.77693,262.914911,10.974385,0.420162,1.599125,0.0,0.0,2,3,15,2,1
5449309,321613,2005,206,-120.2711,45.843999999999994,115759,1,1,62500.0,168.57734399999995,156.77693,262.914911,10.974385,0.420162,1.599125,0.0,0.0,2,3,15,2,1
5449310,321614,2005,206,-120.26799999999999,45.8446,115759,1,1,62500.0,93.703896,87.144623,146.141533,6.100124,0.233548,0.888875,0.0,0.0,2,3,15,2,1
5449311,321615,2005,206,-120.26799999999999,45.8446,115759,1,1,0.0,93.703896,87.144623,146.141533,6.100124,0.233548,0.888875,0.0,0.0,2,3,15,1,1
